experiment,pioreactor_unit,timestamp,temperature_c,timestamp_localtime,hours_since_experiment_created
Yeast Grow 4 Days,pioreactor02,2025-09-20T05:14:10.486Z,18.0625,2025-09-20 07:14:10.486,0.196944444444
Yeast Grow 4 Days,pioreactor02,2025-09-20T05:17:36.612Z,16.49,2025-09-20 07:17:36.612,0.254166666667
Yeast Grow 4 Days,pioreactor02,2025-09-20T05:20:56.611Z,16.58,2025-09-20 07:20:56.611,0.309722222222
Yeast Grow 4 Days,pioreactor02,2025-09-20T05:24:16.615Z,17.21,2025-09-20 07:24:16.615,0.365277777778
Yeast Grow 4 Days,pioreactor02,2025-09-20T05:27:36.611Z,18.18,2025-09-20 07:27:36.611,0.420833333333
Yeast Grow 4 Days,pioreactor02,2025-09-20T05:30:56.612Z,20.28,2025-09-20 07:30:56.612,0.476388888889
Yeast Grow 4 Days,pioreactor02,2025-09-20T05:34:16.612Z,22.11,2025-09-20 07:34:16.612,0.531944444444
Yeast Grow 4 Days,pioreactor02,2025-09-20T05:37:36.611Z,23.48,2025-09-20 07:37:36.611,0.5875
Yeast Grow 4 Days,pioreactor02,2025-09-20T05:40:56.611Z,24.84,2025-09-20 07:40:56.611,0.643055555556
Yeast Grow 4 Days,pioreactor02,2025-09-20T05:44:16.610Z,25.78,2025-09-20 07:44:16.610,0.698611111111
Yeast Grow 4 Days,pioreactor02,2025-09-20T05:47:36.610Z,26.83,2025-09-20 07:47:36.610,0.754166666667
Yeast Grow 4 Days,pioreactor02,2025-09-20T05:50:56.611Z,27.52,2025-09-20 07:50:56.611,0.809722222222
Yeast Grow 4 Days,pioreactor02,2025-09-20T05:54:16.612Z,28.28,2025-09-20 07:54:16.612,0.865277777778
Yeast Grow 4 Days,pioreactor02,2025-09-20T05:57:36.614Z,28.71,2025-09-20 07:57:36.614,0.920833333333
Yeast Grow 4 Days,pioreactor02,2025-09-20T06:00:56.611Z,29.47,2025-09-20 08:00:56.611,0.976388888889
Yeast Grow 4 Days,pioreactor02,2025-09-20T06:04:16.611Z,29.93,2025-09-20 08:04:16.611,1.031944444444
Yeast Grow 4 Days,pioreactor02,2025-09-20T06:07:36.614Z,30.33,2025-09-20 08:07:36.614,1.0875
Yeast Grow 4 Days,pioreactor02,2025-09-20T06:10:56.611Z,30.86,2025-09-20 08:10:56.611,1.143055555556
Yeast Grow 4 Days,pioreactor02,2025-09-20T06:14:16.610Z,31.32,2025-09-20 08:14:16.610,1.198611111111
Yeast Grow 4 Days,pioreactor02,2025-09-20T06:17:36.613Z,31.68,2025-09-20 08:17:36.613,1.254166666667
Yeast Grow 4 Days,pioreactor02,2025-09-20T06:20:56.611Z,31.92,2025-09-20 08:20:56.611,1.309722222222
Yeast Grow 4 Days,pioreactor02,2025-09-20T06:24:16.611Z,32.17,2025-09-20 08:24:16.611,1.365277777778
Yeast Grow 4 Days,pioreactor02,2025-09-20T06:27:36.610Z,32.37,2025-09-20 08:27:36.610,1.420833333333
Yeast Grow 4 Days,pioreactor02,2025-09-20T06:30:56.610Z,32.54,2025-09-20 08:30:56.610,1.476388888889
Yeast Grow 4 Days,pioreactor02,2025-09-20T06:34:16.611Z,32.55,2025-09-20 08:34:16.611,1.531944444444
Yeast Grow 4 Days,pioreactor02,2025-09-20T06:37:36.613Z,32.59,2025-09-20 08:37:36.613,1.5875
Yeast Grow 4 Days,pioreactor02,2025-09-20T06:40:56.611Z,32.39,2025-09-20 08:40:56.611,1.643055555556
Yeast Grow 4 Days,pioreactor02,2025-09-20T06:44:16.611Z,32.41,2025-09-20 08:44:16.611,1.698611111111
Yeast Grow 4 Days,pioreactor02,2025-09-20T06:47:36.612Z,32.5,2025-09-20 08:47:36.612,1.754166666667
Yeast Grow 4 Days,pioreactor02,2025-09-20T06:50:56.612Z,32.57,2025-09-20 08:50:56.612,1.809722222222
Yeast Grow 4 Days,pioreactor02,2025-09-20T06:54:16.612Z,32.38,2025-09-20 08:54:16.612,1.865277777778
Yeast Grow 4 Days,pioreactor02,2025-09-20T06:57:36.612Z,32.07,2025-09-20 08:57:36.612,1.920833333333
Yeast Grow 4 Days,pioreactor02,2025-09-20T07:00:56.613Z,32.16,2025-09-20 09:00:56.613,1.976388888889
Yeast Grow 4 Days,pioreactor02,2025-09-20T07:04:16.610Z,32.17,2025-09-20 09:04:16.610,2.031944444444
Yeast Grow 4 Days,pioreactor02,2025-09-20T07:07:36.630Z,32.1,2025-09-20 09:07:36.630,2.0875
Yeast Grow 4 Days,pioreactor02,2025-09-20T07:10:56.611Z,32.03,2025-09-20 09:10:56.611,2.143055555556
Yeast Grow 4 Days,pioreactor02,2025-09-20T07:14:16.614Z,32.1,2025-09-20 09:14:16.614,2.198611111111
Yeast Grow 4 Days,pioreactor02,2025-09-20T07:17:36.612Z,32.0,2025-09-20 09:17:36.612,2.254166666667
Yeast Grow 4 Days,pioreactor02,2025-09-20T07:20:56.612Z,32.05,2025-09-20 09:20:56.612,2.309722222222
Yeast Grow 4 Days,pioreactor02,2025-09-20T07:24:16.611Z,32.23,2025-09-20 09:24:16.611,2.365277777778
Yeast Grow 4 Days,pioreactor02,2025-09-20T07:27:36.611Z,32.19,2025-09-20 09:27:36.611,2.420833333333
Yeast Grow 4 Days,pioreactor02,2025-09-20T07:30:56.613Z,32.02,2025-09-20 09:30:56.613,2.476388888889
Yeast Grow 4 Days,pioreactor02,2025-09-20T07:34:16.611Z,31.87,2025-09-20 09:34:16.611,2.531944444444
Yeast Grow 4 Days,pioreactor02,2025-09-20T07:37:36.612Z,31.91,2025-09-20 09:37:36.612,2.5875
Yeast Grow 4 Days,pioreactor02,2025-09-20T07:40:56.611Z,31.99,2025-09-20 09:40:56.611,2.643055555556
Yeast Grow 4 Days,pioreactor02,2025-09-20T07:44:16.611Z,31.84,2025-09-20 09:44:16.611,2.698611111111
Yeast Grow 4 Days,pioreactor02,2025-09-20T07:47:36.614Z,31.88,2025-09-20 09:47:36.614,2.754166666667
Yeast Grow 4 Days,pioreactor02,2025-09-20T07:50:56.613Z,31.93,2025-09-20 09:50:56.613,2.809722222222
Yeast Grow 4 Days,pioreactor02,2025-09-20T07:54:16.612Z,31.9,2025-09-20 09:54:16.612,2.865277777778
Yeast Grow 4 Days,pioreactor02,2025-09-20T07:57:36.613Z,31.7,2025-09-20 09:57:36.613,2.920833333333
Yeast Grow 4 Days,pioreactor02,2025-09-20T08:00:56.612Z,31.97,2025-09-20 10:00:56.612,2.976388888889
Yeast Grow 4 Days,pioreactor02,2025-09-20T08:04:16.612Z,31.92,2025-09-20 10:04:16.612,3.031944444444
Yeast Grow 4 Days,pioreactor02,2025-09-20T08:07:36.611Z,31.92,2025-09-20 10:07:36.611,3.0875
Yeast Grow 4 Days,pioreactor02,2025-09-20T08:10:56.611Z,32.03,2025-09-20 10:10:56.611,3.143055555556
Yeast Grow 4 Days,pioreactor02,2025-09-20T08:14:16.612Z,32.03,2025-09-20 10:14:16.612,3.198611111111
Yeast Grow 4 Days,pioreactor02,2025-09-20T08:17:36.610Z,31.85,2025-09-20 10:17:36.610,3.254166666667
Yeast Grow 4 Days,pioreactor02,2025-09-20T08:20:56.610Z,31.92,2025-09-20 10:20:56.610,3.309722222222
Yeast Grow 4 Days,pioreactor02,2025-09-20T08:24:16.610Z,31.96,2025-09-20 10:24:16.610,3.365277777778
Yeast Grow 4 Days,pioreactor02,2025-09-20T08:27:36.611Z,32.16,2025-09-20 10:27:36.611,3.420833333333
Yeast Grow 4 Days,pioreactor02,2025-09-20T08:30:56.613Z,32.06,2025-09-20 10:30:56.613,3.476388888889
Yeast Grow 4 Days,pioreactor02,2025-09-20T08:34:16.612Z,32.19,2025-09-20 10:34:16.612,3.531944444444
Yeast Grow 4 Days,pioreactor02,2025-09-20T08:37:36.611Z,32.13,2025-09-20 10:37:36.611,3.5875
Yeast Grow 4 Days,pioreactor02,2025-09-20T08:40:56.611Z,32.17,2025-09-20 10:40:56.611,3.643055555556
Yeast Grow 4 Days,pioreactor02,2025-09-20T08:44:16.613Z,31.55,2025-09-20 10:44:16.613,3.698611111111
Yeast Grow 4 Days,pioreactor02,2025-09-20T08:47:36.611Z,32.02,2025-09-20 10:47:36.611,3.754166666667
Yeast Grow 4 Days,pioreactor02,2025-09-20T08:50:56.612Z,32.05,2025-09-20 10:50:56.612,3.809722222222
Yeast Grow 4 Days,pioreactor02,2025-09-20T08:54:16.611Z,32.05,2025-09-20 10:54:16.611,3.865277777778
Yeast Grow 4 Days,pioreactor02,2025-09-20T08:57:36.612Z,32.06,2025-09-20 10:57:36.612,3.920833333333
Yeast Grow 4 Days,pioreactor02,2025-09-20T09:00:56.613Z,32.39,2025-09-20 11:00:56.613,3.976388888889
Yeast Grow 4 Days,pioreactor02,2025-09-20T09:04:16.612Z,32.25,2025-09-20 11:04:16.612,4.031944444444
Yeast Grow 4 Days,pioreactor02,2025-09-20T09:07:36.611Z,31.94,2025-09-20 11:07:36.611,4.0875
Yeast Grow 4 Days,pioreactor02,2025-09-20T09:10:56.613Z,32.1,2025-09-20 11:10:56.613,4.143055555556
Yeast Grow 4 Days,pioreactor02,2025-09-20T09:14:16.613Z,32.28,2025-09-20 11:14:16.613,4.198611111111
Yeast Grow 4 Days,pioreactor02,2025-09-20T09:17:36.614Z,32.12,2025-09-20 11:17:36.614,4.254166666667
Yeast Grow 4 Days,pioreactor02,2025-09-20T09:20:56.613Z,32.01,2025-09-20 11:20:56.613,4.309722222222
Yeast Grow 4 Days,pioreactor02,2025-09-20T09:24:16.611Z,31.95,2025-09-20 11:24:16.611,4.365277777778
Yeast Grow 4 Days,pioreactor02,2025-09-20T09:27:36.611Z,31.97,2025-09-20 11:27:36.611,4.420833333333
Yeast Grow 4 Days,pioreactor02,2025-09-20T09:30:56.611Z,32.12,2025-09-20 11:30:56.611,4.476388888889
Yeast Grow 4 Days,pioreactor02,2025-09-20T09:34:16.611Z,32.18,2025-09-20 11:34:16.611,4.531944444444
Yeast Grow 4 Days,pioreactor02,2025-09-20T09:37:36.611Z,32.25,2025-09-20 11:37:36.611,4.5875
Yeast Grow 4 Days,pioreactor02,2025-09-20T09:40:56.613Z,32.19,2025-09-20 11:40:56.613,4.643055555556
Yeast Grow 4 Days,pioreactor02,2025-09-20T09:44:16.611Z,31.97,2025-09-20 11:44:16.611,4.698611111111
Yeast Grow 4 Days,pioreactor02,2025-09-20T09:47:36.611Z,32.11,2025-09-20 11:47:36.611,4.754166666667
Yeast Grow 4 Days,pioreactor02,2025-09-20T09:50:56.613Z,32.05,2025-09-20 11:50:56.613,4.809722222222
Yeast Grow 4 Days,pioreactor02,2025-09-20T09:54:16.609Z,31.96,2025-09-20 11:54:16.609,4.865277777778
Yeast Grow 4 Days,pioreactor02,2025-09-20T09:57:36.611Z,31.86,2025-09-20 11:57:36.611,4.920833333333
Yeast Grow 4 Days,pioreactor02,2025-09-20T10:00:56.612Z,31.99,2025-09-20 12:00:56.612,4.976388888889
Yeast Grow 4 Days,pioreactor02,2025-09-20T10:04:16.611Z,31.92,2025-09-20 12:04:16.611,5.031944444444
Yeast Grow 4 Days,pioreactor02,2025-09-20T10:07:36.611Z,32.03,2025-09-20 12:07:36.611,5.0875
Yeast Grow 4 Days,pioreactor02,2025-09-20T10:10:56.611Z,31.87,2025-09-20 12:10:56.611,5.143055555556
Yeast Grow 4 Days,pioreactor02,2025-09-20T10:14:16.610Z,31.88,2025-09-20 12:14:16.610,5.198611111111
Yeast Grow 4 Days,pioreactor02,2025-09-20T10:17:36.611Z,31.89,2025-09-20 12:17:36.611,5.254166666667
Yeast Grow 4 Days,pioreactor02,2025-09-20T10:20:56.610Z,31.71,2025-09-20 12:20:56.610,5.309722222222
Yeast Grow 4 Days,pioreactor02,2025-09-20T10:24:16.614Z,31.82,2025-09-20 12:24:16.614,5.365277777778
Yeast Grow 4 Days,pioreactor02,2025-09-20T10:27:36.611Z,31.96,2025-09-20 12:27:36.611,5.420833333333
Yeast Grow 4 Days,pioreactor02,2025-09-20T10:30:56.612Z,31.93,2025-09-20 12:30:56.612,5.476388888889
Yeast Grow 4 Days,pioreactor02,2025-09-20T10:34:16.611Z,31.81,2025-09-20 12:34:16.611,5.531944444444
Yeast Grow 4 Days,pioreactor02,2025-09-20T10:37:36.610Z,31.69,2025-09-20 12:37:36.610,5.5875
Yeast Grow 4 Days,pioreactor02,2025-09-20T10:40:56.611Z,31.87,2025-09-20 12:40:56.611,5.643055555556
Yeast Grow 4 Days,pioreactor02,2025-09-20T10:44:16.611Z,32.02,2025-09-20 12:44:16.611,5.698611111111
Yeast Grow 4 Days,pioreactor02,2025-09-20T10:47:36.611Z,32.06,2025-09-20 12:47:36.611,5.754166666667
Yeast Grow 4 Days,pioreactor02,2025-09-20T10:50:56.614Z,32.18,2025-09-20 12:50:56.614,5.809722222222
Yeast Grow 4 Days,pioreactor02,2025-09-20T10:54:16.611Z,32.32,2025-09-20 12:54:16.611,5.865277777778
Yeast Grow 4 Days,pioreactor02,2025-09-20T10:57:36.612Z,32.36,2025-09-20 12:57:36.612,5.920833333333
Yeast Grow 4 Days,pioreactor02,2025-09-20T11:00:56.611Z,32.12,2025-09-20 13:00:56.611,5.976388888889
Yeast Grow 4 Days,pioreactor02,2025-09-20T11:04:16.613Z,32.07,2025-09-20 13:04:16.613,6.031944444444
Yeast Grow 4 Days,pioreactor02,2025-09-20T11:07:36.610Z,32.07,2025-09-20 13:07:36.610,6.0875
Yeast Grow 4 Days,pioreactor02,2025-09-20T11:10:56.611Z,31.92,2025-09-20 13:10:56.611,6.143055555556
Yeast Grow 4 Days,pioreactor02,2025-09-20T11:14:16.613Z,32.13,2025-09-20 13:14:16.613,6.198611111111
Yeast Grow 4 Days,pioreactor02,2025-09-20T11:17:36.611Z,31.95,2025-09-20 13:17:36.611,6.254166666667
Yeast Grow 4 Days,pioreactor02,2025-09-20T11:20:56.612Z,32.18,2025-09-20 13:20:56.612,6.309722222222
Yeast Grow 4 Days,pioreactor02,2025-09-20T11:24:16.612Z,32.38,2025-09-20 13:24:16.612,6.365277777778
Yeast Grow 4 Days,pioreactor02,2025-09-20T11:27:36.612Z,32.39,2025-09-20 13:27:36.612,6.420833333333
Yeast Grow 4 Days,pioreactor02,2025-09-20T11:30:56.613Z,32.23,2025-09-20 13:30:56.613,6.476388888889
Yeast Grow 4 Days,pioreactor02,2025-09-20T11:34:16.611Z,32.1,2025-09-20 13:34:16.611,6.531944444444
Yeast Grow 4 Days,pioreactor02,2025-09-20T11:37:36.612Z,32.1,2025-09-20 13:37:36.612,6.5875
Yeast Grow 4 Days,pioreactor02,2025-09-20T11:40:56.612Z,31.83,2025-09-20 13:40:56.612,6.643055555556
Yeast Grow 4 Days,pioreactor02,2025-09-20T11:44:16.611Z,31.98,2025-09-20 13:44:16.611,6.698611111111
Yeast Grow 4 Days,pioreactor02,2025-09-20T11:47:36.612Z,31.93,2025-09-20 13:47:36.612,6.754166666667
Yeast Grow 4 Days,pioreactor02,2025-09-20T11:50:56.610Z,31.51,2025-09-20 13:50:56.610,6.809722222222
Yeast Grow 4 Days,pioreactor02,2025-09-20T11:54:16.611Z,31.64,2025-09-20 13:54:16.611,6.865277777778
Yeast Grow 4 Days,pioreactor02,2025-09-20T11:57:36.612Z,31.53,2025-09-20 13:57:36.612,6.920833333333
Yeast Grow 4 Days,pioreactor02,2025-09-20T12:00:56.611Z,31.7,2025-09-20 14:00:56.611,6.976388888889
Yeast Grow 4 Days,pioreactor02,2025-09-20T12:04:16.611Z,31.85,2025-09-20 14:04:16.611,7.031944444444
Yeast Grow 4 Days,pioreactor02,2025-09-20T12:07:36.612Z,31.93,2025-09-20 14:07:36.612,7.0875
Yeast Grow 4 Days,pioreactor02,2025-09-20T12:10:56.612Z,32.06,2025-09-20 14:10:56.612,7.143055555556
Yeast Grow 4 Days,pioreactor02,2025-09-20T12:14:16.611Z,32.14,2025-09-20 14:14:16.611,7.198611111111
Yeast Grow 4 Days,pioreactor02,2025-09-20T12:17:36.612Z,32.13,2025-09-20 14:17:36.612,7.254166666667
Yeast Grow 4 Days,pioreactor02,2025-09-20T12:20:56.612Z,32.2,2025-09-20 14:20:56.612,7.309722222222
Yeast Grow 4 Days,pioreactor02,2025-09-20T12:24:16.611Z,32.1,2025-09-20 14:24:16.611,7.365277777778
Yeast Grow 4 Days,pioreactor02,2025-09-20T12:27:36.612Z,32.08,2025-09-20 14:27:36.612,7.420833333333
Yeast Grow 4 Days,pioreactor02,2025-09-20T12:30:56.611Z,32.17,2025-09-20 14:30:56.611,7.476388888889
Yeast Grow 4 Days,pioreactor02,2025-09-20T12:34:16.613Z,32.09,2025-09-20 14:34:16.613,7.531944444444
Yeast Grow 4 Days,pioreactor02,2025-09-20T12:37:36.611Z,31.84,2025-09-20 14:37:36.611,7.5875
Yeast Grow 4 Days,pioreactor02,2025-09-20T12:40:56.612Z,31.69,2025-09-20 14:40:56.612,7.643055555556
Yeast Grow 4 Days,pioreactor02,2025-09-20T12:44:16.612Z,31.69,2025-09-20 14:44:16.612,7.698611111111
Yeast Grow 4 Days,pioreactor02,2025-09-20T12:47:36.613Z,31.66,2025-09-20 14:47:36.613,7.754166666667
Yeast Grow 4 Days,pioreactor02,2025-09-20T12:50:56.612Z,31.77,2025-09-20 14:50:56.612,7.809722222222
Yeast Grow 4 Days,pioreactor02,2025-09-20T12:54:16.610Z,31.88,2025-09-20 14:54:16.610,7.865277777778
Yeast Grow 4 Days,pioreactor02,2025-09-20T12:57:36.611Z,31.93,2025-09-20 14:57:36.611,7.920833333333
Yeast Grow 4 Days,pioreactor02,2025-09-20T13:00:56.613Z,32.09,2025-09-20 15:00:56.613,7.976388888889
Yeast Grow 4 Days,pioreactor02,2025-09-20T13:04:16.611Z,32.25,2025-09-20 15:04:16.611,8.031944444444
Yeast Grow 4 Days,pioreactor02,2025-09-20T13:07:36.611Z,32.21,2025-09-20 15:07:36.611,8.0875
Yeast Grow 4 Days,pioreactor02,2025-09-20T13:10:56.615Z,32.1,2025-09-20 15:10:56.615,8.143055555556
Yeast Grow 4 Days,pioreactor02,2025-09-20T13:14:16.612Z,32.14,2025-09-20 15:14:16.612,8.198611111111
Yeast Grow 4 Days,pioreactor02,2025-09-20T13:17:36.611Z,32.1,2025-09-20 15:17:36.611,8.254166666667
Yeast Grow 4 Days,pioreactor02,2025-09-20T13:20:56.612Z,32.07,2025-09-20 15:20:56.612,8.309722222222
Yeast Grow 4 Days,pioreactor02,2025-09-20T13:24:16.612Z,31.95,2025-09-20 15:24:16.612,8.365277777778
Yeast Grow 4 Days,pioreactor02,2025-09-20T13:27:36.613Z,31.88,2025-09-20 15:27:36.613,8.420833333333
Yeast Grow 4 Days,pioreactor02,2025-09-20T13:30:56.611Z,31.78,2025-09-20 15:30:56.611,8.476388888889
Yeast Grow 4 Days,pioreactor02,2025-09-20T13:34:16.611Z,31.76,2025-09-20 15:34:16.611,8.531944444444
Yeast Grow 4 Days,pioreactor02,2025-09-20T13:37:36.612Z,31.83,2025-09-20 15:37:36.612,8.5875
Yeast Grow 4 Days,pioreactor02,2025-09-20T13:40:56.616Z,31.98,2025-09-20 15:40:56.616,8.643055555556
Yeast Grow 4 Days,pioreactor02,2025-09-20T13:44:16.613Z,31.92,2025-09-20 15:44:16.613,8.698611111111
Yeast Grow 4 Days,pioreactor02,2025-09-20T13:47:36.612Z,31.93,2025-09-20 15:47:36.612,8.754166666667
Yeast Grow 4 Days,pioreactor02,2025-09-20T13:50:56.611Z,32.06,2025-09-20 15:50:56.611,8.809722222222
Yeast Grow 4 Days,pioreactor02,2025-09-20T13:54:16.612Z,32.05,2025-09-20 15:54:16.612,8.865277777778
Yeast Grow 4 Days,pioreactor02,2025-09-20T13:57:36.612Z,32.06,2025-09-20 15:57:36.612,8.920833333333
Yeast Grow 4 Days,pioreactor02,2025-09-20T14:00:56.611Z,32.06,2025-09-20 16:00:56.611,8.976388888889
Yeast Grow 4 Days,pioreactor02,2025-09-20T14:04:16.610Z,32.04,2025-09-20 16:04:16.610,9.031944444444
Yeast Grow 4 Days,pioreactor02,2025-09-20T14:07:36.611Z,32.09,2025-09-20 16:07:36.611,9.0875
Yeast Grow 4 Days,pioreactor02,2025-09-20T14:10:56.612Z,32.14,2025-09-20 16:10:56.612,9.143055555556
Yeast Grow 4 Days,pioreactor02,2025-09-20T14:14:16.611Z,31.96,2025-09-20 16:14:16.611,9.198611111111
Yeast Grow 4 Days,pioreactor02,2025-09-20T14:17:36.612Z,32.0,2025-09-20 16:17:36.612,9.254166666667
Yeast Grow 4 Days,pioreactor02,2025-09-20T14:20:56.611Z,32.16,2025-09-20 16:20:56.611,9.309722222222
Yeast Grow 4 Days,pioreactor02,2025-09-20T14:24:16.612Z,32.03,2025-09-20 16:24:16.612,9.365277777778
Yeast Grow 4 Days,pioreactor02,2025-09-20T14:27:36.611Z,32.01,2025-09-20 16:27:36.611,9.420833333333
Yeast Grow 4 Days,pioreactor02,2025-09-20T14:30:56.611Z,31.99,2025-09-20 16:30:56.611,9.476388888889
Yeast Grow 4 Days,pioreactor02,2025-09-20T14:34:16.611Z,31.82,2025-09-20 16:34:16.611,9.531944444444
Yeast Grow 4 Days,pioreactor02,2025-09-20T14:37:36.613Z,31.85,2025-09-20 16:37:36.613,9.5875
Yeast Grow 4 Days,pioreactor02,2025-09-20T14:40:56.610Z,32.0,2025-09-20 16:40:56.610,9.643055555556
Yeast Grow 4 Days,pioreactor02,2025-09-20T14:44:16.612Z,32.17,2025-09-20 16:44:16.612,9.698611111111
Yeast Grow 4 Days,pioreactor02,2025-09-20T14:47:36.613Z,31.99,2025-09-20 16:47:36.613,9.754166666667
Yeast Grow 4 Days,pioreactor02,2025-09-20T14:50:56.614Z,32.15,2025-09-20 16:50:56.614,9.809722222222
Yeast Grow 4 Days,pioreactor02,2025-09-20T14:54:16.611Z,32.1,2025-09-20 16:54:16.611,9.865277777778
Yeast Grow 4 Days,pioreactor02,2025-09-20T14:57:36.612Z,32.08,2025-09-20 16:57:36.612,9.920833333333
Yeast Grow 4 Days,pioreactor02,2025-09-20T15:00:56.611Z,32.04,2025-09-20 17:00:56.611,9.976388888889
Yeast Grow 4 Days,pioreactor02,2025-09-20T15:04:16.611Z,31.86,2025-09-20 17:04:16.611,10.031944444444
Yeast Grow 4 Days,pioreactor02,2025-09-20T15:07:36.611Z,31.88,2025-09-20 17:07:36.611,10.0875
Yeast Grow 4 Days,pioreactor02,2025-09-20T15:10:56.611Z,31.79,2025-09-20 17:10:56.611,10.143055555556
Yeast Grow 4 Days,pioreactor02,2025-09-20T15:14:16.615Z,31.78,2025-09-20 17:14:16.615,10.198611111111
Yeast Grow 4 Days,pioreactor02,2025-09-20T15:17:36.610Z,31.78,2025-09-20 17:17:36.610,10.254166666667
Yeast Grow 4 Days,pioreactor02,2025-09-20T15:20:56.610Z,31.91,2025-09-20 17:20:56.610,10.309722222222
Yeast Grow 4 Days,pioreactor02,2025-09-20T15:24:16.613Z,31.93,2025-09-20 17:24:16.613,10.365277777778
Yeast Grow 4 Days,pioreactor02,2025-09-20T15:27:36.610Z,32.11,2025-09-20 17:27:36.610,10.420833333333
Yeast Grow 4 Days,pioreactor02,2025-09-20T15:30:56.610Z,31.99,2025-09-20 17:30:56.610,10.476388888889
Yeast Grow 4 Days,pioreactor02,2025-09-20T15:34:16.611Z,32.15,2025-09-20 17:34:16.611,10.531944444444
Yeast Grow 4 Days,pioreactor02,2025-09-20T15:37:36.611Z,32.0,2025-09-20 17:37:36.611,10.5875
Yeast Grow 4 Days,pioreactor02,2025-09-20T15:40:56.612Z,32.08,2025-09-20 17:40:56.612,10.643055555556
Yeast Grow 4 Days,pioreactor02,2025-09-20T15:44:16.611Z,32.16,2025-09-20 17:44:16.611,10.698611111111
Yeast Grow 4 Days,pioreactor02,2025-09-20T15:47:36.613Z,31.98,2025-09-20 17:47:36.613,10.754166666667
Yeast Grow 4 Days,pioreactor02,2025-09-20T15:50:56.611Z,31.95,2025-09-20 17:50:56.611,10.809722222222
Yeast Grow 4 Days,pioreactor02,2025-09-20T15:54:16.612Z,31.99,2025-09-20 17:54:16.612,10.865277777778
Yeast Grow 4 Days,pioreactor02,2025-09-20T15:57:36.611Z,32.0,2025-09-20 17:57:36.611,10.920833333333
Yeast Grow 4 Days,pioreactor02,2025-09-20T16:00:56.611Z,32.14,2025-09-20 18:00:56.611,10.976388888889
Yeast Grow 4 Days,pioreactor02,2025-09-20T16:04:16.611Z,32.01,2025-09-20 18:04:16.611,11.031944444444
Yeast Grow 4 Days,pioreactor02,2025-09-20T16:07:36.611Z,31.99,2025-09-20 18:07:36.611,11.0875
Yeast Grow 4 Days,pioreactor02,2025-09-20T16:10:56.612Z,31.88,2025-09-20 18:10:56.612,11.143055555556
Yeast Grow 4 Days,pioreactor02,2025-09-20T16:14:16.610Z,31.8,2025-09-20 18:14:16.610,11.198611111111
Yeast Grow 4 Days,pioreactor02,2025-09-20T16:17:36.612Z,32.05,2025-09-20 18:17:36.612,11.254166666667
Yeast Grow 4 Days,pioreactor02,2025-09-20T16:20:56.612Z,32.15,2025-09-20 18:20:56.612,11.309722222222
Yeast Grow 4 Days,pioreactor02,2025-09-20T16:24:16.611Z,31.81,2025-09-20 18:24:16.611,11.365277777778
Yeast Grow 4 Days,pioreactor02,2025-09-20T16:27:36.611Z,31.97,2025-09-20 18:27:36.611,11.420833333333
Yeast Grow 4 Days,pioreactor02,2025-09-20T16:30:56.611Z,31.94,2025-09-20 18:30:56.611,11.476388888889
Yeast Grow 4 Days,pioreactor02,2025-09-20T16:34:16.610Z,31.89,2025-09-20 18:34:16.610,11.531944444444
Yeast Grow 4 Days,pioreactor02,2025-09-20T16:37:36.611Z,31.92,2025-09-20 18:37:36.611,11.5875
Yeast Grow 4 Days,pioreactor02,2025-09-20T16:40:56.611Z,32.0,2025-09-20 18:40:56.611,11.643055555556
Yeast Grow 4 Days,pioreactor02,2025-09-20T16:44:16.611Z,31.8,2025-09-20 18:44:16.611,11.698611111111
Yeast Grow 4 Days,pioreactor02,2025-09-20T16:47:36.612Z,31.94,2025-09-20 18:47:36.612,11.754166666667
Yeast Grow 4 Days,pioreactor02,2025-09-20T16:50:56.611Z,32.08,2025-09-20 18:50:56.611,11.809722222222
Yeast Grow 4 Days,pioreactor02,2025-09-20T16:54:16.613Z,32.14,2025-09-20 18:54:16.613,11.865277777778
Yeast Grow 4 Days,pioreactor02,2025-09-20T16:57:36.611Z,32.01,2025-09-20 18:57:36.611,11.920833333333
Yeast Grow 4 Days,pioreactor02,2025-09-20T17:00:56.611Z,32.08,2025-09-20 19:00:56.611,11.976388888889
Yeast Grow 4 Days,pioreactor02,2025-09-20T17:04:16.610Z,32.18,2025-09-20 19:04:16.610,12.031944444444
Yeast Grow 4 Days,pioreactor02,2025-09-20T17:07:36.610Z,32.09,2025-09-20 19:07:36.610,12.0875
Yeast Grow 4 Days,pioreactor02,2025-09-20T17:10:56.610Z,32.08,2025-09-20 19:10:56.610,12.143055555556
Yeast Grow 4 Days,pioreactor02,2025-09-20T17:14:16.612Z,32.07,2025-09-20 19:14:16.612,12.198611111111
Yeast Grow 4 Days,pioreactor02,2025-09-20T17:17:36.612Z,32.05,2025-09-20 19:17:36.612,12.254166666667
Yeast Grow 4 Days,pioreactor02,2025-09-20T17:20:56.612Z,31.99,2025-09-20 19:20:56.612,12.309722222222
Yeast Grow 4 Days,pioreactor02,2025-09-20T17:24:16.611Z,31.72,2025-09-20 19:24:16.611,12.365277777778
Yeast Grow 4 Days,pioreactor02,2025-09-20T17:27:36.610Z,31.94,2025-09-20 19:27:36.610,12.420833333333
Yeast Grow 4 Days,pioreactor02,2025-09-20T17:30:56.611Z,31.94,2025-09-20 19:30:56.611,12.476388888889
Yeast Grow 4 Days,pioreactor02,2025-09-20T17:34:16.611Z,31.75,2025-09-20 19:34:16.611,12.531944444444
Yeast Grow 4 Days,pioreactor02,2025-09-20T17:37:36.610Z,32.14,2025-09-20 19:37:36.610,12.5875
Yeast Grow 4 Days,pioreactor02,2025-09-20T17:40:56.612Z,32.22,2025-09-20 19:40:56.612,12.643055555556
Yeast Grow 4 Days,pioreactor02,2025-09-20T17:44:16.611Z,32.02,2025-09-20 19:44:16.611,12.698611111111
Yeast Grow 4 Days,pioreactor02,2025-09-20T17:47:36.610Z,31.87,2025-09-20 19:47:36.610,12.754166666667
Yeast Grow 4 Days,pioreactor02,2025-09-20T17:50:56.611Z,32.04,2025-09-20 19:50:56.611,12.809722222222
Yeast Grow 4 Days,pioreactor02,2025-09-20T17:54:16.611Z,32.11,2025-09-20 19:54:16.611,12.865277777778
Yeast Grow 4 Days,pioreactor02,2025-09-20T17:57:36.612Z,31.96,2025-09-20 19:57:36.612,12.920833333333
Yeast Grow 4 Days,pioreactor02,2025-09-20T18:00:56.612Z,31.93,2025-09-20 20:00:56.612,12.976388888889
Yeast Grow 4 Days,pioreactor02,2025-09-20T18:04:16.613Z,31.87,2025-09-20 20:04:16.613,13.031944444444
Yeast Grow 4 Days,pioreactor02,2025-09-20T18:07:36.613Z,31.97,2025-09-20 20:07:36.613,13.0875
Yeast Grow 4 Days,pioreactor02,2025-09-20T18:10:56.609Z,32.27,2025-09-20 20:10:56.609,13.143055555556
Yeast Grow 4 Days,pioreactor02,2025-09-20T18:14:16.612Z,32.07,2025-09-20 20:14:16.612,13.198611111111
Yeast Grow 4 Days,pioreactor02,2025-09-20T18:17:36.611Z,31.93,2025-09-20 20:17:36.611,13.254166666667
Yeast Grow 4 Days,pioreactor02,2025-09-20T18:20:56.611Z,31.69,2025-09-20 20:20:56.611,13.309722222222
Yeast Grow 4 Days,pioreactor02,2025-09-20T18:24:16.612Z,31.66,2025-09-20 20:24:16.612,13.365277777778
Yeast Grow 4 Days,pioreactor02,2025-09-20T18:27:36.611Z,31.82,2025-09-20 20:27:36.611,13.420833333333
Yeast Grow 4 Days,pioreactor02,2025-09-20T18:30:56.611Z,31.9,2025-09-20 20:30:56.611,13.476388888889
Yeast Grow 4 Days,pioreactor02,2025-09-20T18:34:16.611Z,31.99,2025-09-20 20:34:16.611,13.531944444444
Yeast Grow 4 Days,pioreactor02,2025-09-20T18:37:36.612Z,32.14,2025-09-20 20:37:36.612,13.5875
Yeast Grow 4 Days,pioreactor02,2025-09-20T18:40:56.612Z,32.16,2025-09-20 20:40:56.612,13.643055555556
Yeast Grow 4 Days,pioreactor02,2025-09-20T18:44:16.611Z,32.22,2025-09-20 20:44:16.611,13.698611111111
Yeast Grow 4 Days,pioreactor02,2025-09-20T18:47:36.611Z,32.21,2025-09-20 20:47:36.611,13.754166666667
Yeast Grow 4 Days,pioreactor02,2025-09-20T18:50:56.613Z,32.25,2025-09-20 20:50:56.613,13.809722222222
Yeast Grow 4 Days,pioreactor02,2025-09-20T18:54:16.612Z,32.19,2025-09-20 20:54:16.612,13.865277777778
Yeast Grow 4 Days,pioreactor02,2025-09-20T18:57:36.612Z,31.96,2025-09-20 20:57:36.612,13.920833333333
Yeast Grow 4 Days,pioreactor02,2025-09-20T19:00:56.613Z,31.88,2025-09-20 21:00:56.613,13.976388888889
Yeast Grow 4 Days,pioreactor02,2025-09-20T19:04:16.611Z,31.8,2025-09-20 21:04:16.611,14.031944444444
Yeast Grow 4 Days,pioreactor02,2025-09-20T19:07:36.611Z,31.82,2025-09-20 21:07:36.611,14.0875
Yeast Grow 4 Days,pioreactor02,2025-09-20T19:10:56.611Z,31.9,2025-09-20 21:10:56.611,14.143055555556
Yeast Grow 4 Days,pioreactor02,2025-09-20T19:14:16.612Z,31.9,2025-09-20 21:14:16.612,14.198611111111
Yeast Grow 4 Days,pioreactor02,2025-09-20T19:17:36.613Z,31.85,2025-09-20 21:17:36.613,14.254166666667
Yeast Grow 4 Days,pioreactor02,2025-09-20T19:20:56.611Z,32.03,2025-09-20 21:20:56.611,14.309722222222
Yeast Grow 4 Days,pioreactor02,2025-09-20T19:24:16.614Z,32.01,2025-09-20 21:24:16.614,14.365277777778
Yeast Grow 4 Days,pioreactor02,2025-09-20T19:27:36.613Z,32.08,2025-09-20 21:27:36.613,14.420833333333
Yeast Grow 4 Days,pioreactor02,2025-09-20T19:30:56.612Z,32.17,2025-09-20 21:30:56.612,14.476388888889
Yeast Grow 4 Days,pioreactor02,2025-09-20T19:34:16.613Z,32.15,2025-09-20 21:34:16.613,14.531944444444
Yeast Grow 4 Days,pioreactor02,2025-09-20T19:37:36.610Z,31.95,2025-09-20 21:37:36.610,14.5875
Yeast Grow 4 Days,pioreactor02,2025-09-20T19:40:56.611Z,31.82,2025-09-20 21:40:56.611,14.643055555556
Yeast Grow 4 Days,pioreactor02,2025-09-20T19:44:16.615Z,31.81,2025-09-20 21:44:16.615,14.698611111111
Yeast Grow 4 Days,pioreactor02,2025-09-20T19:47:36.611Z,31.87,2025-09-20 21:47:36.611,14.754166666667
Yeast Grow 4 Days,pioreactor02,2025-09-20T19:50:56.613Z,32.03,2025-09-20 21:50:56.613,14.809722222222
Yeast Grow 4 Days,pioreactor02,2025-09-20T19:54:16.612Z,32.0,2025-09-20 21:54:16.612,14.865277777778
Yeast Grow 4 Days,pioreactor02,2025-09-20T19:57:36.610Z,32.21,2025-09-20 21:57:36.610,14.920833333333
Yeast Grow 4 Days,pioreactor02,2025-09-20T20:00:56.611Z,32.22,2025-09-20 22:00:56.611,14.976388888889
Yeast Grow 4 Days,pioreactor02,2025-09-20T20:04:16.611Z,32.0,2025-09-20 22:04:16.611,15.031944444444
Yeast Grow 4 Days,pioreactor02,2025-09-20T20:07:36.612Z,31.86,2025-09-20 22:07:36.612,15.0875
Yeast Grow 4 Days,pioreactor02,2025-09-20T20:10:56.611Z,31.94,2025-09-20 22:10:56.611,15.143055555556
Yeast Grow 4 Days,pioreactor02,2025-09-20T20:14:16.612Z,31.86,2025-09-20 22:14:16.612,15.198611111111
Yeast Grow 4 Days,pioreactor02,2025-09-20T20:17:36.615Z,31.83,2025-09-20 22:17:36.615,15.254166666667
Yeast Grow 4 Days,pioreactor02,2025-09-20T20:20:56.612Z,31.82,2025-09-20 22:20:56.612,15.309722222222
Yeast Grow 4 Days,pioreactor02,2025-09-20T20:24:16.611Z,31.87,2025-09-20 22:24:16.611,15.365277777778
Yeast Grow 4 Days,pioreactor02,2025-09-20T20:27:36.612Z,31.97,2025-09-20 22:27:36.612,15.420833333333
Yeast Grow 4 Days,pioreactor02,2025-09-20T20:30:56.610Z,32.11,2025-09-20 22:30:56.610,15.476388888889
Yeast Grow 4 Days,pioreactor02,2025-09-20T20:34:16.610Z,32.01,2025-09-20 22:34:16.610,15.531944444444
Yeast Grow 4 Days,pioreactor02,2025-09-20T20:37:36.612Z,32.12,2025-09-20 22:37:36.612,15.5875
Yeast Grow 4 Days,pioreactor02,2025-09-20T20:40:56.610Z,32.09,2025-09-20 22:40:56.610,15.643055555556
Yeast Grow 4 Days,pioreactor02,2025-09-20T20:44:16.612Z,31.98,2025-09-20 22:44:16.612,15.698611111111
Yeast Grow 4 Days,pioreactor02,2025-09-20T20:47:36.612Z,32.0,2025-09-20 22:47:36.612,15.754166666667
Yeast Grow 4 Days,pioreactor02,2025-09-20T20:50:56.611Z,32.14,2025-09-20 22:50:56.611,15.809722222222
Yeast Grow 4 Days,pioreactor02,2025-09-20T20:54:16.610Z,32.11,2025-09-20 22:54:16.610,15.865277777778
Yeast Grow 4 Days,pioreactor02,2025-09-20T20:57:36.612Z,32.1,2025-09-20 22:57:36.612,15.920833333333
Yeast Grow 4 Days,pioreactor02,2025-09-20T21:00:56.613Z,32.17,2025-09-20 23:00:56.613,15.976388888889
Yeast Grow 4 Days,pioreactor02,2025-09-20T21:04:16.612Z,32.05,2025-09-20 23:04:16.612,16.031944444444
Yeast Grow 4 Days,pioreactor02,2025-09-20T21:07:36.613Z,32.04,2025-09-20 23:07:36.613,16.0875
Yeast Grow 4 Days,pioreactor02,2025-09-20T21:10:56.611Z,31.85,2025-09-20 23:10:56.611,16.143055555556
Yeast Grow 4 Days,pioreactor02,2025-09-20T21:14:16.614Z,31.96,2025-09-20 23:14:16.614,16.198611111111
Yeast Grow 4 Days,pioreactor02,2025-09-20T21:17:36.610Z,31.89,2025-09-20 23:17:36.610,16.254166666667
Yeast Grow 4 Days,pioreactor02,2025-09-20T21:20:56.611Z,31.87,2025-09-20 23:20:56.611,16.309722222222
Yeast Grow 4 Days,pioreactor02,2025-09-20T21:24:16.613Z,32.03,2025-09-20 23:24:16.613,16.365277777778
Yeast Grow 4 Days,pioreactor02,2025-09-20T21:27:36.613Z,31.96,2025-09-20 23:27:36.613,16.420833333333
Yeast Grow 4 Days,pioreactor02,2025-09-20T21:30:56.612Z,32.06,2025-09-20 23:30:56.612,16.476388888889
Yeast Grow 4 Days,pioreactor02,2025-09-20T21:34:16.611Z,32.02,2025-09-20 23:34:16.611,16.531944444444
Yeast Grow 4 Days,pioreactor02,2025-09-20T21:37:36.610Z,32.09,2025-09-20 23:37:36.610,16.5875
Yeast Grow 4 Days,pioreactor02,2025-09-20T21:40:56.611Z,31.98,2025-09-20 23:40:56.611,16.643055555556
Yeast Grow 4 Days,pioreactor02,2025-09-20T21:44:16.613Z,32.13,2025-09-20 23:44:16.613,16.698611111111
Yeast Grow 4 Days,pioreactor02,2025-09-20T21:47:36.612Z,31.99,2025-09-20 23:47:36.612,16.754166666667
Yeast Grow 4 Days,pioreactor02,2025-09-20T21:50:56.612Z,32.03,2025-09-20 23:50:56.612,16.809722222222
Yeast Grow 4 Days,pioreactor02,2025-09-20T21:54:16.610Z,32.1,2025-09-20 23:54:16.610,16.865277777778
Yeast Grow 4 Days,pioreactor02,2025-09-20T21:57:36.613Z,31.84,2025-09-20 23:57:36.613,16.920833333333
Yeast Grow 4 Days,pioreactor02,2025-09-20T22:00:56.613Z,32.06,2025-09-21 00:00:56.613,16.976388888889
Yeast Grow 4 Days,pioreactor02,2025-09-20T22:04:16.612Z,31.87,2025-09-21 00:04:16.612,17.031944444444
Yeast Grow 4 Days,pioreactor02,2025-09-20T22:07:36.612Z,31.93,2025-09-21 00:07:36.612,17.0875
Yeast Grow 4 Days,pioreactor02,2025-09-20T22:10:56.612Z,31.96,2025-09-21 00:10:56.612,17.143055555556
Yeast Grow 4 Days,pioreactor02,2025-09-20T22:14:16.612Z,32.19,2025-09-21 00:14:16.612,17.198611111111
Yeast Grow 4 Days,pioreactor02,2025-09-20T22:17:36.611Z,32.06,2025-09-21 00:17:36.611,17.254166666667
Yeast Grow 4 Days,pioreactor02,2025-09-20T22:20:56.611Z,32.15,2025-09-21 00:20:56.611,17.309722222222
Yeast Grow 4 Days,pioreactor02,2025-09-20T22:24:16.611Z,32.02,2025-09-21 00:24:16.611,17.365277777778
Yeast Grow 4 Days,pioreactor02,2025-09-20T22:27:36.612Z,31.81,2025-09-21 00:27:36.612,17.420833333333
Yeast Grow 4 Days,pioreactor02,2025-09-20T22:30:56.613Z,31.95,2025-09-21 00:30:56.613,17.476388888889
Yeast Grow 4 Days,pioreactor02,2025-09-20T22:34:16.612Z,31.95,2025-09-21 00:34:16.612,17.531944444444
Yeast Grow 4 Days,pioreactor02,2025-09-20T22:37:36.613Z,31.95,2025-09-21 00:37:36.613,17.5875
Yeast Grow 4 Days,pioreactor02,2025-09-20T22:40:56.612Z,31.89,2025-09-21 00:40:56.612,17.643055555556
Yeast Grow 4 Days,pioreactor02,2025-09-20T22:44:16.611Z,31.98,2025-09-21 00:44:16.611,17.698611111111
Yeast Grow 4 Days,pioreactor02,2025-09-20T22:47:36.613Z,32.0,2025-09-21 00:47:36.613,17.754166666667
Yeast Grow 4 Days,pioreactor02,2025-09-20T22:50:56.615Z,32.02,2025-09-21 00:50:56.615,17.809722222222
Yeast Grow 4 Days,pioreactor02,2025-09-20T22:54:16.612Z,31.93,2025-09-21 00:54:16.612,17.865277777778
Yeast Grow 4 Days,pioreactor02,2025-09-20T22:57:36.613Z,32.0,2025-09-21 00:57:36.613,17.920833333333
Yeast Grow 4 Days,pioreactor02,2025-09-20T23:00:56.613Z,31.98,2025-09-21 01:00:56.613,17.976388888889
Yeast Grow 4 Days,pioreactor02,2025-09-20T23:04:16.611Z,31.9,2025-09-21 01:04:16.611,18.031944444444
Yeast Grow 4 Days,pioreactor02,2025-09-20T23:07:36.614Z,31.93,2025-09-21 01:07:36.614,18.0875
Yeast Grow 4 Days,pioreactor02,2025-09-20T23:10:56.611Z,32.07,2025-09-21 01:10:56.611,18.143055555556
Yeast Grow 4 Days,pioreactor02,2025-09-20T23:14:16.611Z,32.18,2025-09-21 01:14:16.611,18.198611111111
Yeast Grow 4 Days,pioreactor02,2025-09-20T23:17:36.610Z,32.26,2025-09-21 01:17:36.610,18.254166666667
Yeast Grow 4 Days,pioreactor02,2025-09-20T23:20:56.612Z,32.09,2025-09-21 01:20:56.612,18.309722222222
Yeast Grow 4 Days,pioreactor02,2025-09-20T23:24:16.611Z,32.1,2025-09-21 01:24:16.611,18.365277777778
Yeast Grow 4 Days,pioreactor02,2025-09-20T23:27:36.611Z,32.14,2025-09-21 01:27:36.611,18.420833333333
Yeast Grow 4 Days,pioreactor02,2025-09-20T23:30:56.612Z,32.05,2025-09-21 01:30:56.612,18.476388888889
Yeast Grow 4 Days,pioreactor02,2025-09-20T23:34:16.613Z,31.97,2025-09-21 01:34:16.613,18.531944444444
Yeast Grow 4 Days,pioreactor02,2025-09-20T23:37:36.610Z,31.97,2025-09-21 01:37:36.610,18.5875
Yeast Grow 4 Days,pioreactor02,2025-09-20T23:40:56.613Z,31.76,2025-09-21 01:40:56.613,18.643055555556
Yeast Grow 4 Days,pioreactor02,2025-09-20T23:44:16.611Z,31.99,2025-09-21 01:44:16.611,18.698611111111
Yeast Grow 4 Days,pioreactor02,2025-09-20T23:47:36.612Z,32.03,2025-09-21 01:47:36.612,18.754166666667
Yeast Grow 4 Days,pioreactor02,2025-09-20T23:50:56.612Z,32.02,2025-09-21 01:50:56.612,18.809722222222
Yeast Grow 4 Days,pioreactor02,2025-09-20T23:54:16.612Z,31.85,2025-09-21 01:54:16.612,18.865277777778
Yeast Grow 4 Days,pioreactor02,2025-09-20T23:57:36.611Z,31.75,2025-09-21 01:57:36.611,18.920833333333
Yeast Grow 4 Days,pioreactor02,2025-09-21T00:00:56.612Z,31.9,2025-09-21 02:00:56.612,18.976388888889
Yeast Grow 4 Days,pioreactor02,2025-09-21T00:04:16.611Z,31.9,2025-09-21 02:04:16.611,19.031944444444
Yeast Grow 4 Days,pioreactor02,2025-09-21T00:07:36.610Z,32.01,2025-09-21 02:07:36.610,19.0875
Yeast Grow 4 Days,pioreactor02,2025-09-21T00:10:56.612Z,32.08,2025-09-21 02:10:56.612,19.143055555556
Yeast Grow 4 Days,pioreactor02,2025-09-21T00:14:16.612Z,31.87,2025-09-21 02:14:16.612,19.198611111111
Yeast Grow 4 Days,pioreactor02,2025-09-21T00:17:36.611Z,32.0,2025-09-21 02:17:36.611,19.254166666667
Yeast Grow 4 Days,pioreactor02,2025-09-21T00:20:56.612Z,32.04,2025-09-21 02:20:56.612,19.309722222222
Yeast Grow 4 Days,pioreactor02,2025-09-21T00:24:16.611Z,32.0,2025-09-21 02:24:16.611,19.365277777778
Yeast Grow 4 Days,pioreactor02,2025-09-21T00:27:36.611Z,32.1,2025-09-21 02:27:36.611,19.420833333333
Yeast Grow 4 Days,pioreactor02,2025-09-21T00:30:56.613Z,32.13,2025-09-21 02:30:56.613,19.476388888889
Yeast Grow 4 Days,pioreactor02,2025-09-21T00:34:16.611Z,32.04,2025-09-21 02:34:16.611,19.531944444444
Yeast Grow 4 Days,pioreactor02,2025-09-21T00:37:36.611Z,32.13,2025-09-21 02:37:36.611,19.5875
Yeast Grow 4 Days,pioreactor02,2025-09-21T00:40:56.612Z,32.09,2025-09-21 02:40:56.612,19.643055555556
Yeast Grow 4 Days,pioreactor02,2025-09-21T00:44:16.610Z,32.18,2025-09-21 02:44:16.610,19.698611111111
Yeast Grow 4 Days,pioreactor02,2025-09-21T00:47:36.611Z,32.07,2025-09-21 02:47:36.611,19.754166666667
Yeast Grow 4 Days,pioreactor02,2025-09-21T00:50:56.611Z,31.99,2025-09-21 02:50:56.611,19.809722222222
Yeast Grow 4 Days,pioreactor02,2025-09-21T00:54:16.611Z,31.97,2025-09-21 02:54:16.611,19.865277777778
Yeast Grow 4 Days,pioreactor02,2025-09-21T00:57:36.611Z,31.88,2025-09-21 02:57:36.611,19.920833333333
Yeast Grow 4 Days,pioreactor02,2025-09-21T01:00:56.612Z,32.04,2025-09-21 03:00:56.612,19.976388888889
Yeast Grow 4 Days,pioreactor02,2025-09-21T01:04:16.611Z,31.95,2025-09-21 03:04:16.611,20.031944444444
Yeast Grow 4 Days,pioreactor02,2025-09-21T01:07:36.609Z,32.14,2025-09-21 03:07:36.609,20.0875
Yeast Grow 4 Days,pioreactor02,2025-09-21T01:10:56.612Z,32.02,2025-09-21 03:10:56.612,20.143055555556
Yeast Grow 4 Days,pioreactor02,2025-09-21T01:14:16.612Z,32.01,2025-09-21 03:14:16.612,20.198611111111
Yeast Grow 4 Days,pioreactor02,2025-09-21T01:17:36.612Z,31.92,2025-09-21 03:17:36.612,20.254166666667
Yeast Grow 4 Days,pioreactor02,2025-09-21T01:20:56.613Z,31.82,2025-09-21 03:20:56.613,20.309722222222
Yeast Grow 4 Days,pioreactor02,2025-09-21T01:24:16.613Z,31.97,2025-09-21 03:24:16.613,20.365277777778
Yeast Grow 4 Days,pioreactor02,2025-09-21T01:27:36.611Z,32.04,2025-09-21 03:27:36.611,20.420833333333
Yeast Grow 4 Days,pioreactor02,2025-09-21T01:30:56.612Z,31.98,2025-09-21 03:30:56.612,20.476388888889
Yeast Grow 4 Days,pioreactor02,2025-09-21T01:34:16.611Z,31.94,2025-09-21 03:34:16.611,20.531944444444
Yeast Grow 4 Days,pioreactor02,2025-09-21T01:37:36.611Z,31.94,2025-09-21 03:37:36.611,20.5875
Yeast Grow 4 Days,pioreactor02,2025-09-21T01:40:56.613Z,31.88,2025-09-21 03:40:56.613,20.643055555556
Yeast Grow 4 Days,pioreactor02,2025-09-21T01:44:16.611Z,31.98,2025-09-21 03:44:16.611,20.698611111111
Yeast Grow 4 Days,pioreactor02,2025-09-21T01:47:36.612Z,32.09,2025-09-21 03:47:36.612,20.754166666667
Yeast Grow 4 Days,pioreactor02,2025-09-21T01:50:56.611Z,32.04,2025-09-21 03:50:56.611,20.809722222222
Yeast Grow 4 Days,pioreactor02,2025-09-21T01:54:16.611Z,31.97,2025-09-21 03:54:16.611,20.865277777778
Yeast Grow 4 Days,pioreactor02,2025-09-21T01:57:36.611Z,32.09,2025-09-21 03:57:36.611,20.920833333333
Yeast Grow 4 Days,pioreactor02,2025-09-21T02:00:56.613Z,31.98,2025-09-21 04:00:56.613,20.976388888889
Yeast Grow 4 Days,pioreactor02,2025-09-21T02:04:16.611Z,31.94,2025-09-21 04:04:16.611,21.031944444444
Yeast Grow 4 Days,pioreactor02,2025-09-21T02:07:36.610Z,31.95,2025-09-21 04:07:36.610,21.0875
Yeast Grow 4 Days,pioreactor02,2025-09-21T02:10:56.613Z,31.93,2025-09-21 04:10:56.613,21.143055555556
Yeast Grow 4 Days,pioreactor02,2025-09-21T02:14:16.611Z,32.19,2025-09-21 04:14:16.611,21.198611111111
Yeast Grow 4 Days,pioreactor02,2025-09-21T02:17:36.611Z,32.2,2025-09-21 04:17:36.611,21.254166666667
Yeast Grow 4 Days,pioreactor02,2025-09-21T02:20:56.612Z,32.23,2025-09-21 04:20:56.612,21.309722222222
Yeast Grow 4 Days,pioreactor02,2025-09-21T02:24:16.613Z,32.14,2025-09-21 04:24:16.613,21.365277777778
Yeast Grow 4 Days,pioreactor02,2025-09-21T02:27:36.611Z,32.11,2025-09-21 04:27:36.611,21.420833333333
Yeast Grow 4 Days,pioreactor02,2025-09-21T02:30:56.612Z,32.1,2025-09-21 04:30:56.612,21.476388888889
Yeast Grow 4 Days,pioreactor02,2025-09-21T02:34:16.612Z,32.2,2025-09-21 04:34:16.612,21.531944444444
Yeast Grow 4 Days,pioreactor02,2025-09-21T02:37:36.613Z,32.16,2025-09-21 04:37:36.613,21.5875
Yeast Grow 4 Days,pioreactor02,2025-09-21T02:40:56.611Z,31.96,2025-09-21 04:40:56.611,21.643055555556
Yeast Grow 4 Days,pioreactor02,2025-09-21T02:44:16.613Z,31.99,2025-09-21 04:44:16.613,21.698611111111
Yeast Grow 4 Days,pioreactor02,2025-09-21T02:47:36.611Z,31.97,2025-09-21 04:47:36.611,21.754166666667
Yeast Grow 4 Days,pioreactor02,2025-09-21T02:50:56.612Z,31.9,2025-09-21 04:50:56.612,21.809722222222
Yeast Grow 4 Days,pioreactor02,2025-09-21T02:54:16.613Z,32.0,2025-09-21 04:54:16.613,21.865277777778
Yeast Grow 4 Days,pioreactor02,2025-09-21T02:57:36.612Z,31.75,2025-09-21 04:57:36.612,21.920833333333
Yeast Grow 4 Days,pioreactor02,2025-09-21T03:00:56.611Z,31.82,2025-09-21 05:00:56.611,21.976388888889
Yeast Grow 4 Days,pioreactor02,2025-09-21T03:04:16.611Z,31.63,2025-09-21 05:04:16.611,22.031944444444
Yeast Grow 4 Days,pioreactor02,2025-09-21T03:07:36.612Z,31.76,2025-09-21 05:07:36.612,22.0875
Yeast Grow 4 Days,pioreactor02,2025-09-21T03:10:56.611Z,32.03,2025-09-21 05:10:56.611,22.143055555556
Yeast Grow 4 Days,pioreactor02,2025-09-21T03:14:16.610Z,32.0,2025-09-21 05:14:16.610,22.198611111111
Yeast Grow 4 Days,pioreactor02,2025-09-21T03:17:36.611Z,32.01,2025-09-21 05:17:36.611,22.254166666667
Yeast Grow 4 Days,pioreactor02,2025-09-21T03:20:56.612Z,32.09,2025-09-21 05:20:56.612,22.309722222222
Yeast Grow 4 Days,pioreactor02,2025-09-21T03:24:16.611Z,32.08,2025-09-21 05:24:16.611,22.365277777778
Yeast Grow 4 Days,pioreactor02,2025-09-21T03:27:36.610Z,31.99,2025-09-21 05:27:36.610,22.420833333333
Yeast Grow 4 Days,pioreactor02,2025-09-21T03:30:56.610Z,32.03,2025-09-21 05:30:56.610,22.476388888889
Yeast Grow 4 Days,pioreactor02,2025-09-21T03:34:16.609Z,32.17,2025-09-21 05:34:16.609,22.531944444444
Yeast Grow 4 Days,pioreactor02,2025-09-21T03:37:36.612Z,32.21,2025-09-21 05:37:36.612,22.5875
Yeast Grow 4 Days,pioreactor02,2025-09-21T03:40:56.611Z,32.04,2025-09-21 05:40:56.611,22.643055555556
Yeast Grow 4 Days,pioreactor02,2025-09-21T03:44:16.610Z,32.08,2025-09-21 05:44:16.610,22.698611111111
Yeast Grow 4 Days,pioreactor02,2025-09-21T03:47:36.611Z,32.2,2025-09-21 05:47:36.611,22.754166666667
Yeast Grow 4 Days,pioreactor02,2025-09-21T03:50:56.612Z,31.95,2025-09-21 05:50:56.612,22.809722222222
Yeast Grow 4 Days,pioreactor02,2025-09-21T03:54:16.612Z,31.89,2025-09-21 05:54:16.612,22.865277777778
Yeast Grow 4 Days,pioreactor02,2025-09-21T03:57:36.613Z,31.91,2025-09-21 05:57:36.613,22.920833333333
Yeast Grow 4 Days,pioreactor02,2025-09-21T04:00:56.612Z,32.03,2025-09-21 06:00:56.612,22.976388888889
Yeast Grow 4 Days,pioreactor02,2025-09-21T04:04:16.613Z,31.99,2025-09-21 06:04:16.613,23.031944444444
Yeast Grow 4 Days,pioreactor02,2025-09-21T04:07:36.612Z,31.89,2025-09-21 06:07:36.612,23.0875
Yeast Grow 4 Days,pioreactor02,2025-09-21T04:10:56.613Z,32.1,2025-09-21 06:10:56.613,23.143055555556
Yeast Grow 4 Days,pioreactor02,2025-09-21T04:14:16.611Z,31.9,2025-09-21 06:14:16.611,23.198611111111
Yeast Grow 4 Days,pioreactor02,2025-09-21T04:17:36.612Z,31.97,2025-09-21 06:17:36.612,23.254166666667
Yeast Grow 4 Days,pioreactor02,2025-09-21T04:20:56.612Z,32.13,2025-09-21 06:20:56.612,23.309722222222
Yeast Grow 4 Days,pioreactor02,2025-09-21T04:24:16.612Z,32.31,2025-09-21 06:24:16.612,23.365277777778
Yeast Grow 4 Days,pioreactor02,2025-09-21T04:27:36.612Z,32.14,2025-09-21 06:27:36.612,23.420833333333
Yeast Grow 4 Days,pioreactor02,2025-09-21T04:30:56.613Z,32.25,2025-09-21 06:30:56.613,23.476388888889
Yeast Grow 4 Days,pioreactor02,2025-09-21T04:34:16.612Z,32.18,2025-09-21 06:34:16.612,23.531944444444
Yeast Grow 4 Days,pioreactor02,2025-09-21T04:37:36.610Z,32.06,2025-09-21 06:37:36.610,23.5875
Yeast Grow 4 Days,pioreactor02,2025-09-21T04:40:56.612Z,32.06,2025-09-21 06:40:56.612,23.643055555556
Yeast Grow 4 Days,pioreactor02,2025-09-21T04:44:16.611Z,32.0,2025-09-21 06:44:16.611,23.698611111111
Yeast Grow 4 Days,pioreactor02,2025-09-21T04:47:36.611Z,31.91,2025-09-21 06:47:36.611,23.754166666667
Yeast Grow 4 Days,pioreactor02,2025-09-21T04:50:56.611Z,31.96,2025-09-21 06:50:56.611,23.809722222222
Yeast Grow 4 Days,pioreactor02,2025-09-21T04:54:16.612Z,31.73,2025-09-21 06:54:16.612,23.865277777778
Yeast Grow 4 Days,pioreactor02,2025-09-21T04:57:36.613Z,31.79,2025-09-21 06:57:36.613,23.920833333333
Yeast Grow 4 Days,pioreactor02,2025-09-21T05:00:56.611Z,31.77,2025-09-21 07:00:56.611,23.976388888889
Yeast Grow 4 Days,pioreactor02,2025-09-21T05:04:16.614Z,31.81,2025-09-21 07:04:16.614,24.031944444444
Yeast Grow 4 Days,pioreactor02,2025-09-21T05:07:36.611Z,31.87,2025-09-21 07:07:36.611,24.0875
Yeast Grow 4 Days,pioreactor02,2025-09-21T05:10:56.614Z,32.15,2025-09-21 07:10:56.614,24.143055555556
Yeast Grow 4 Days,pioreactor02,2025-09-21T05:14:16.611Z,31.92,2025-09-21 07:14:16.611,24.198611111111
Yeast Grow 4 Days,pioreactor02,2025-09-21T05:17:36.612Z,32.1,2025-09-21 07:17:36.612,24.254166666667
Yeast Grow 4 Days,pioreactor02,2025-09-21T05:20:56.613Z,31.91,2025-09-21 07:20:56.613,24.309722222222
Yeast Grow 4 Days,pioreactor02,2025-09-21T05:24:16.612Z,32.21,2025-09-21 07:24:16.612,24.365277777778
Yeast Grow 4 Days,pioreactor02,2025-09-21T05:27:36.613Z,32.06,2025-09-21 07:27:36.613,24.420833333333
Yeast Grow 4 Days,pioreactor02,2025-09-21T05:30:56.614Z,31.95,2025-09-21 07:30:56.614,24.476388888889
Yeast Grow 4 Days,pioreactor02,2025-09-21T05:34:16.612Z,31.98,2025-09-21 07:34:16.612,24.531944444444
Yeast Grow 4 Days,pioreactor02,2025-09-21T05:37:36.611Z,32.04,2025-09-21 07:37:36.611,24.5875
Yeast Grow 4 Days,pioreactor02,2025-09-21T05:40:56.611Z,32.23,2025-09-21 07:40:56.611,24.643055555556
Yeast Grow 4 Days,pioreactor02,2025-09-21T05:44:16.612Z,32.31,2025-09-21 07:44:16.612,24.698611111111
Yeast Grow 4 Days,pioreactor02,2025-09-21T05:47:36.611Z,32.06,2025-09-21 07:47:36.611,24.754166666667
Yeast Grow 4 Days,pioreactor02,2025-09-21T05:50:56.610Z,31.86,2025-09-21 07:50:56.610,24.809722222222
Yeast Grow 4 Days,pioreactor02,2025-09-21T05:54:16.611Z,31.82,2025-09-21 07:54:16.611,24.865277777778
Yeast Grow 4 Days,pioreactor02,2025-09-21T05:57:36.612Z,31.9,2025-09-21 07:57:36.612,24.920833333333
Yeast Grow 4 Days,pioreactor02,2025-09-21T06:00:56.612Z,31.91,2025-09-21 08:00:56.612,24.976388888889
Yeast Grow 4 Days,pioreactor02,2025-09-21T06:04:16.612Z,32.0,2025-09-21 08:04:16.612,25.031944444444
Yeast Grow 4 Days,pioreactor02,2025-09-21T06:07:36.611Z,31.77,2025-09-21 08:07:36.611,25.0875
Yeast Grow 4 Days,pioreactor02,2025-09-21T06:10:56.612Z,31.96,2025-09-21 08:10:56.612,25.143055555556
Yeast Grow 4 Days,pioreactor02,2025-09-21T06:14:16.612Z,31.97,2025-09-21 08:14:16.612,25.198611111111
Yeast Grow 4 Days,pioreactor02,2025-09-21T06:17:36.610Z,31.87,2025-09-21 08:17:36.610,25.254166666667
Yeast Grow 4 Days,pioreactor02,2025-09-21T06:20:56.612Z,31.81,2025-09-21 08:20:56.612,25.309722222222
Yeast Grow 4 Days,pioreactor02,2025-09-21T06:24:16.612Z,31.89,2025-09-21 08:24:16.612,25.365277777778
Yeast Grow 4 Days,pioreactor02,2025-09-21T06:27:36.612Z,32.06,2025-09-21 08:27:36.612,25.420833333333
Yeast Grow 4 Days,pioreactor02,2025-09-21T06:30:56.612Z,32.26,2025-09-21 08:30:56.612,25.476388888889
Yeast Grow 4 Days,pioreactor02,2025-09-21T06:34:16.614Z,32.49,2025-09-21 08:34:16.614,25.531944444444
Yeast Grow 4 Days,pioreactor02,2025-09-21T06:37:36.610Z,32.54,2025-09-21 08:37:36.610,25.5875
Yeast Grow 4 Days,pioreactor02,2025-09-21T06:40:56.611Z,32.5,2025-09-21 08:40:56.611,25.643055555556
Yeast Grow 4 Days,pioreactor02,2025-09-21T06:44:16.611Z,32.77,2025-09-21 08:44:16.611,25.698611111111
Yeast Grow 4 Days,pioreactor02,2025-09-21T06:47:36.612Z,32.52,2025-09-21 08:47:36.612,25.754166666667
Yeast Grow 4 Days,pioreactor02,2025-09-21T06:50:56.613Z,32.6,2025-09-21 08:50:56.613,25.809722222222
Yeast Grow 4 Days,pioreactor02,2025-09-21T06:54:16.613Z,32.48,2025-09-21 08:54:16.613,25.865277777778
Yeast Grow 4 Days,pioreactor02,2025-09-21T06:57:36.612Z,32.11,2025-09-21 08:57:36.612,25.920833333333
Yeast Grow 4 Days,pioreactor02,2025-09-21T07:00:56.611Z,32.43,2025-09-21 09:00:56.611,25.976388888889
Yeast Grow 4 Days,pioreactor02,2025-09-21T07:04:16.613Z,32.48,2025-09-21 09:04:16.613,26.031944444444
Yeast Grow 4 Days,pioreactor02,2025-09-21T07:07:36.612Z,32.35,2025-09-21 09:07:36.612,26.0875
Yeast Grow 4 Days,pioreactor02,2025-09-21T07:10:56.611Z,32.12,2025-09-21 09:10:56.611,26.143055555556
Yeast Grow 4 Days,pioreactor02,2025-09-21T07:14:16.612Z,32.04,2025-09-21 09:14:16.612,26.198611111111
Yeast Grow 4 Days,pioreactor02,2025-09-21T07:17:36.611Z,31.83,2025-09-21 09:17:36.611,26.254166666667
Yeast Grow 4 Days,pioreactor02,2025-09-21T07:20:56.611Z,31.89,2025-09-21 09:20:56.611,26.309722222222
Yeast Grow 4 Days,pioreactor02,2025-09-21T07:24:16.612Z,31.97,2025-09-21 09:24:16.612,26.365277777778
Yeast Grow 4 Days,pioreactor02,2025-09-21T07:27:36.610Z,31.82,2025-09-21 09:27:36.610,26.420833333333
Yeast Grow 4 Days,pioreactor02,2025-09-21T07:30:56.611Z,32.14,2025-09-21 09:30:56.611,26.476388888889
Yeast Grow 4 Days,pioreactor02,2025-09-21T07:34:16.613Z,32.09,2025-09-21 09:34:16.613,26.531944444444
Yeast Grow 4 Days,pioreactor02,2025-09-21T07:37:36.613Z,31.97,2025-09-21 09:37:36.613,26.5875
Yeast Grow 4 Days,pioreactor02,2025-09-21T07:40:56.611Z,31.94,2025-09-21 09:40:56.611,26.643055555556
Yeast Grow 4 Days,pioreactor02,2025-09-21T07:44:16.612Z,31.82,2025-09-21 09:44:16.612,26.698611111111
Yeast Grow 4 Days,pioreactor02,2025-09-21T07:47:36.611Z,31.8,2025-09-21 09:47:36.611,26.754166666667
Yeast Grow 4 Days,pioreactor02,2025-09-21T07:50:56.612Z,31.84,2025-09-21 09:50:56.612,26.809722222222
Yeast Grow 4 Days,pioreactor02,2025-09-21T07:54:16.612Z,31.73,2025-09-21 09:54:16.612,26.865277777778
Yeast Grow 4 Days,pioreactor02,2025-09-21T07:57:36.612Z,31.68,2025-09-21 09:57:36.612,26.920833333333
Yeast Grow 4 Days,pioreactor02,2025-09-21T08:00:56.612Z,32.14,2025-09-21 10:00:56.612,26.976388888889
Yeast Grow 4 Days,pioreactor02,2025-09-21T08:04:16.612Z,31.99,2025-09-21 10:04:16.612,27.031944444444
Yeast Grow 4 Days,pioreactor02,2025-09-21T08:07:36.611Z,32.11,2025-09-21 10:07:36.611,27.0875
Yeast Grow 4 Days,pioreactor02,2025-09-21T08:10:56.612Z,31.97,2025-09-21 10:10:56.612,27.143055555556
Yeast Grow 4 Days,pioreactor02,2025-09-21T08:14:16.610Z,32.01,2025-09-21 10:14:16.610,27.198611111111
Yeast Grow 4 Days,pioreactor02,2025-09-21T08:17:36.612Z,32.13,2025-09-21 10:17:36.612,27.254166666667
